16.02.2025,4 km
NISSAN 23,0.00 km
NISSAN 22,0 km
NISSAN 14,0 km
Nissan 20,0 km
Nissan 10,1 km
NISSAN 17,3 km
23.02.2025,5 km
NISSAN 22,0.00 km
NISSAN 23,0 km
Nissan 10,1 km
NISSAN 12,1 km
NISSAN 17,3 km
09.02.2025,8 km
NISSAN 23,0.00 km
NISSAN 12,0 km
Nissan 20,1 km
NISSAN 17,3 km
Honda 1,3 km
02.02.2025,8 km
NISSAN 23,0.00 km
NISSAN 21,0 km
NISSAN 12,0 km
NISSAN 14,0 km
Nissan 20,0 km
NISSAN 17,1 km
Honda 1,6 km
26.01.2025,9 km
NISSAN 22,0.00 km
NISSAN 21,0.00 km
NISSAN 23,0 km
NISSAN 12,0 km
Nissan 10,1 km
NISSAN 14,3 km
NISSAN 17,4 km
05.01.2025,13 km
NISSAN 22,0.00 km
NISSAN 21,0 km
NISSAN 12,0 km
Honda 2,3 km
NISSAN 17,4 km
NISSAN 14,6 km
02.03.2025,13 km
NISSAN 22,0 km
NISSAN 12,0 km
HILUX 27,0 km
NISSAN 15,1 km
Nissan 20,1 km
NISSAN 14,1 km
Nissan 10,2 km
NISSAN 17,3 km
Honda 1,6 km
12.01.2025,14 km
NISSAN 23,0.00 km
NISSAN 21,0.00 km
NISSAN 17,1 km
NISSAN 14,1 km
Honda 2,5 km
Honda 1,6 km
19.01.2025,17 km
NISSAN 22,0 km
NISSAN 12,0 km
Nissan 20,0 km
NISSAN 14,1 km
Nissan 10,1 km
NISSAN 17,1 km
Honda 1,6 km
Honda 2,8 km
01.01.2025,20 km
NISSAN 21,0 km
NISSAN 22,0 km
NISSAN 23,0 km
NISSAN 16,0 km
NISSAN 12,0 km
Nissan 20,0 km
NISSAN 19,0 km
NISSAN 15,0 km
NISSAN 18,1 km
Nissan 10,1 km
NISSAN 17,3 km
Honda 2,7 km
NISSAN 11,7 km
03.02.2025,290 km
NISSAN 16,0 km
NISSAN 14,0 km
NISSAN 12,0 km
NISSAN 22,0 km
NISSAN 15,1 km
Honda 1,5 km
NISSAN 23,45 km
NISSAN 17,73 km
Nissan 20,164 km
05.03.2025,776 km
HILUX 27,0 km
Honda 1,8 km
NISSAN 12,30 km
NISSAN 11,30 km
NISSAN 17,45 km
Honda 2,47 km
NISSAN 23,48 km
NISSAN 19,54 km
Nissan 20,60 km
NISSAN 18,65 km
NISSAN 15,66 km
NISSAN 16,76 km
NISSAN 14,78 km
NISSAN 22,84 km
Nissan 10,85 km
01.02.2025,902 km
Honda 1,7 km
NISSAN 19,9 km
Nissan 5,25 km
NISSAN 14,48 km
NISSAN 17,76 km
NISSAN 12,78 km
NISSAN 16,83 km
NISSAN 21,85 km
NISSAN 11,85 km
NISSAN 18,88 km
NISSAN 23,96 km
Nissan 20,100 km
NISSAN 15,124 km
01.03.2025,935 km
HILUX 27,0 km
NISSAN 16,17 km
Honda 1,20 km
Honda 2,36 km
NISSAN 14,46 km
NISSAN 12,52 km
NISSAN 11,68 km
NISSAN 17,74 km
Nissan 20,74 km
NISSAN 23,76 km
NISSAN 19,81 km
NISSAN 18,88 km
Nissan 10,92 km
NISSAN 22,98 km
NISSAN 15,113 km
22.02.2025,1012 km
Nissan 10,6 km
Honda 1,11 km
NISSAN 18,13 km
NISSAN 14,48 km
NISSAN 12,58 km
NISSAN 17,71 km
NISSAN 23,79 km
NISSAN 19,82 km
NISSAN 11,87 km
NISSAN 22,92 km
Honda 2,102 km
NISSAN 16,104 km
NISSAN 15,106 km
Nissan 20,154 km
18.01.2025,1097 km
Honda 1,7 km
Honda 2,22 km
Nissan 10,35 km
NISSAN 12,64 km
NISSAN 17,71 km
NISSAN 16,76 km
NISSAN 19,80 km
NISSAN 21,83 km
NISSAN 14,86 km
NISSAN 18,87 km
NISSAN 11,92 km
Nissan 20,92 km
NISSAN 23,95 km
NISSAN 22,98 km
NISSAN 15,108 km
15.02.2025,1131 km
NISSAN 15,12 km
Honda 1,19 km
NISSAN 11,71 km
NISSAN 12,71 km
Nissan 10,73 km
Nissan 20,76 km
NISSAN 17,79 km
NISSAN 16,79 km
NISSAN 23,87 km
NISSAN 21,89 km
NISSAN 14,95 km
Honda 2,118 km
NISSAN 18,130 km
NISSAN 22,133 km
11.01.2025,1141 km
Honda 1,7 km
NISSAN 16,11 km
Honda 2,25 km
NISSAN 18,28 km
Nissan 5,53 km
NISSAN 12,56 km
NISSAN 17,63 km
NISSAN 14,68 km
NISSAN 11,70 km
NISSAN 19,83 km
NISSAN 21,84 km
NISSAN 23,100 km
Nissan 10,102 km
NISSAN 15,119 km
NISSAN 22,134 km
Nissan 20,138 km
04.01.2025,1163 km
NISSAN 14,3 km
Nissan 10,66 km
NISSAN 23,66 km
Nissan 5,72 km
NISSAN 19,74 km
NISSAN 18,81 km
NISSAN 21,83 km
NISSAN 17,83 km
NISSAN 11,83 km
NISSAN 15,100 km
Nissan 20,103 km
Honda 2,106 km
NISSAN 22,119 km
NISSAN 12,125 km
08.02.2025,1165 km
Nissan 10,26 km
Honda 2,34 km
Honda 1,41 km
NISSAN 12,57 km
NISSAN 23,62 km
NISSAN 11,76 km
Nissan 20,78 km
NISSAN 17,86 km
NISSAN 19,87 km
NISSAN 21,92 km
NISSAN 18,93 km
NISSAN 14,97 km
NISSAN 22,102 km
NISSAN 15,110 km
NISSAN 16,125 km
30.01.2025,1172 km
Honda 2,6 km
Nissan 5,16 km
Honda 1,18 km
Nissan 10,18 km
NISSAN 23,46 km
NISSAN 12,82 km
NISSAN 18,85 km
NISSAN 11,86 km
NISSAN 17,100 km
NISSAN 19,101 km
NISSAN 16,106 km
NISSAN 15,119 km
Nissan 20,119 km
NISSAN 21,132 km
NISSAN 22,137 km
25.01.2025,1199 km
Nissan 10,6 km
Honda 1,14 km
NISSAN 16,31 km
NISSAN 12,64 km
NISSAN 17,73 km
Nissan 5,75 km
NISSAN 19,77 km
NISSAN 11,84 km
NISSAN 14,87 km
NISSAN 21,88 km
Honda 2,89 km
NISSAN 18,89 km
Nissan 20,100 km
NISSAN 23,103 km
NISSAN 22,105 km
NISSAN 15,113 km
03.03.2025,1206 km
HILUX 27,1 km
Honda 1,18 km
NISSAN 22,31 km
NISSAN 23,35 km
Honda 2,68 km
NISSAN 11,75 km
NISSAN 18,89 km
NISSAN 12,91 km
NISSAN 17,98 km
NISSAN 19,100 km
Nissan 20,107 km
Nissan 10,109 km
NISSAN 15,119 km
NISSAN 16,122 km
NISSAN 14,144 km
31.01.2025,1276 km
Nissan 10,7 km
Nissan 5,15 km
Honda 2,23 km
Honda 1,40 km
NISSAN 23,42 km
NISSAN 11,56 km
NISSAN 12,75 km
NISSAN 14,89 km
Nissan 20,97 km
NISSAN 21,99 km
NISSAN 17,106 km
NISSAN 19,107 km
NISSAN 22,112 km
NISSAN 18,122 km
NISSAN 15,135 km
NISSAN 16,150 km
10.02.2025,1294 km
Nissan 10,1 km
Honda 2,5 km
NISSAN 11,81 km
NISSAN 12,89 km
Honda 1,90 km
NISSAN 19,101 km
NISSAN 18,101 km
NISSAN 17,105 km
Nissan 20,107 km
NISSAN 15,111 km
NISSAN 16,112 km
NISSAN 21,118 km
NISSAN 23,121 km
NISSAN 14,151 km
27.02.2025,1327 km
Honda 1,35 km
NISSAN 23,71 km
Honda 2,75 km
NISSAN 11,80 km
NISSAN 12,84 km
NISSAN 17,88 km
NISSAN 19,92 km
Nissan 20,99 km
NISSAN 14,104 km
NISSAN 15,109 km
NISSAN 16,118 km
NISSAN 18,118 km
NISSAN 22,121 km
Nissan 10,132 km
11.02.2025,1332 km
Nissan 10,8 km
Honda 1,20 km
NISSAN 19,20 km
NISSAN 11,64 km
NISSAN 12,73 km
Nissan 20,88 km
Honda 2,92 km
NISSAN 23,98 km
NISSAN 16,98 km
NISSAN 17,106 km
NISSAN 18,107 km
NISSAN 22,131 km
NISSAN 21,133 km
NISSAN 14,144 km
NISSAN 15,148 km
08.01.2025,1335 km
Honda 1,3 km
NISSAN 16,9 km
NISSAN 12,68 km
Honda 2,75 km
Nissan 5,77 km
NISSAN 11,78 km
NISSAN 19,81 km
NISSAN 18,91 km
NISSAN 14,103 km
NISSAN 17,109 km
NISSAN 21,110 km
Nissan 20,117 km
NISSAN 15,132 km
NISSAN 23,137 km
NISSAN 22,145 km
29.01.2025,1339 km
Nissan 10,0 km
Honda 1,5 km
NISSAN 16,29 km
Nissan 5,40 km
Honda 2,49 km
NISSAN 12,73 km
NISSAN 11,79 km
NISSAN 18,82 km
NISSAN 17,85 km
NISSAN 19,92 km
NISSAN 14,108 km
NISSAN 21,111 km
Nissan 20,129 km
NISSAN 23,132 km
NISSAN 22,143 km
NISSAN 15,180 km
26.02.2025,1345 km
Honda 2,5 km
Honda 1,25 km
NISSAN 12,69 km
NISSAN 19,82 km
NISSAN 11,83 km
NISSAN 17,84 km
Nissan 20,91 km
NISSAN 23,93 km
Nissan 10,113 km
NISSAN 18,123 km
NISSAN 14,131 km
NISSAN 22,136 km
NISSAN 16,140 km
NISSAN 15,170 km
04.02.2025,1355 km
NISSAN 19,1 km
Honda 1,67 km
NISSAN 11,76 km
Nissan 5,79 km
NISSAN 22,83 km
NISSAN 15,94 km
NISSAN 17,99 km
NISSAN 14,109 km
NISSAN 12,111 km
Nissan 20,112 km
NISSAN 18,112 km
NISSAN 21,128 km
NISSAN 16,141 km
NISSAN 23,143 km
21.02.2025,1360 km
Nissan 5,0 km
Honda 1,21 km
NISSAN 23,58 km
NISSAN 11,82 km
NISSAN 12,88 km
Nissan 20,91 km
Nissan 10,93 km
NISSAN 18,93 km
NISSAN 19,100 km
NISSAN 17,106 km
Honda 2,119 km
NISSAN 22,121 km
NISSAN 15,124 km
NISSAN 14,132 km
NISSAN 16,132 km
22.01.2025,1360 km
Honda 1,8 km
NISSAN 15,20 km
Honda 2,64 km
NISSAN 12,66 km
NISSAN 22,75 km
NISSAN 18,77 km
NISSAN 11,79 km
Nissan 10,85 km
Nissan 5,91 km
NISSAN 16,92 km
NISSAN 17,95 km
NISSAN 21,99 km
Nissan 20,108 km
NISSAN 19,111 km
NISSAN 23,136 km
NISSAN 14,156 km
12.02.2025,1362 km
Nissan 5,0 km
Honda 1,11 km
Nissan 10,32 km
Honda 2,57 km
NISSAN 12,69 km
NISSAN 11,81 km
NISSAN 18,84 km
NISSAN 17,88 km
NISSAN 15,103 km
NISSAN 19,105 km
NISSAN 14,108 km
NISSAN 21,110 km
Nissan 20,113 km
NISSAN 22,128 km
NISSAN 16,135 km
NISSAN 23,139 km
24.01.2025,1367 km
Nissan 10,9 km
Honda 1,15 km
NISSAN 16,37 km
Honda 2,67 km
NISSAN 11,68 km
Nissan 5,72 km
NISSAN 12,74 km
Nissan 20,87 km
NISSAN 21,97 km
NISSAN 17,103 km
NISSAN 19,104 km
NISSAN 15,115 km
NISSAN 22,117 km
NISSAN 18,132 km
NISSAN 14,133 km
NISSAN 23,136 km
13.02.2025,1370 km
Nissan 5,0 km
NISSAN 11,7 km
Honda 2,13 km
Honda 1,25 km
Nissan 10,67 km
NISSAN 23,74 km
NISSAN 12,79 km
NISSAN 19,85 km
NISSAN 17,103 km
NISSAN 18,123 km
Nissan 20,124 km
NISSAN 21,126 km
NISSAN 16,127 km
NISSAN 15,131 km
NISSAN 14,139 km
NISSAN 22,149 km
07.01.2025,1374 km
NISSAN 16,0 km
Nissan 10,6 km
NISSAN 12,54 km
Honda 2,66 km
Nissan 5,76 km
NISSAN 11,84 km
NISSAN 19,97 km
NISSAN 23,101 km
Nissan 20,101 km
NISSAN 17,107 km
NISSAN 18,116 km
NISSAN 21,135 km
NISSAN 15,136 km
NISSAN 14,137 km
NISSAN 22,158 km
02.01.2025,1382 km
NISSAN 16,0 km
NISSAN 14,3 km
Honda 2,5 km
NISSAN 11,82 km
Nissan 10,87 km
NISSAN 12,88 km
Nissan 5,93 km
NISSAN 19,120 km
Nissan 20,121 km
NISSAN 15,122 km
NISSAN 22,153 km
NISSAN 17,156 km
NISSAN 21,164 km
NISSAN 23,188 km
20.02.2025,1382 km
Nissan 5,1 km
Honda 1,1 km
Honda 2,56 km
NISSAN 12,69 km
NISSAN 17,91 km
NISSAN 11,98 km
NISSAN 23,102 km
NISSAN 19,105 km
Nissan 20,111 km
NISSAN 22,112 km
NISSAN 18,114 km
NISSAN 14,122 km
NISSAN 16,129 km
Nissan 10,133 km
NISSAN 15,138 km
28.02.2025,1387 km
HILUX 27,4 km
Nissan 5,21 km
Honda 1,30 km
NISSAN 23,46 km
Honda 2,82 km
NISSAN 17,82 km
NISSAN 12,83 km
NISSAN 19,100 km
Nissan 20,100 km
Nissan 10,102 km
NISSAN 11,105 km
NISSAN 22,112 km
NISSAN 18,119 km
NISSAN 14,130 km
NISSAN 15,130 km
NISSAN 16,143 km
06.01.2025,1388 km
NISSAN 16,0 km
NISSAN 14,14 km
Honda 2,38 km
NISSAN 11,71 km
Nissan 10,83 km
NISSAN 17,92 km
NISSAN 19,96 km
NISSAN 21,105 km
Nissan 5,108 km
NISSAN 18,109 km
NISSAN 23,114 km
Nissan 20,131 km
NISSAN 22,135 km
NISSAN 12,135 km
NISSAN 15,157 km
25.02.2025,1397 km
Nissan 5,2 km
Nissan 10,33 km
NISSAN 23,37 km
NISSAN 11,68 km
Honda 2,71 km
NISSAN 12,78 km
Honda 1,86 km
Nissan 20,92 km
NISSAN 17,106 km
NISSAN 19,112 km
NISSAN 18,120 km
NISSAN 14,128 km
NISSAN 16,142 km
NISSAN 22,161 km
NISSAN 15,162 km
17.01.2025,1400 km
Nissan 20,10 km
Honda 1,27 km
NISSAN 23,50 km
Honda 2,50 km
NISSAN 11,65 km
Nissan 5,86 km
NISSAN 19,87 km
NISSAN 17,88 km
NISSAN 12,91 km
Nissan 10,94 km
NISSAN 21,112 km
NISSAN 14,120 km
NISSAN 22,122 km
NISSAN 18,128 km
NISSAN 16,135 km
NISSAN 15,136 km
17.02.2025,1402 km
Nissan 5,0 km
Honda 1,3 km
NISSAN 23,42 km
Nissan 10,58 km
NISSAN 19,71 km
NISSAN 11,84 km
Honda 2,89 km
NISSAN 12,92 km
NISSAN 17,93 km
Nissan 20,94 km
NISSAN 18,101 km
NISSAN 16,109 km
NISSAN 21,115 km
NISSAN 15,128 km
NISSAN 22,149 km
NISSAN 14,172 km
03.01.2025,1402 km
NISSAN 16,0 km
NISSAN 14,22 km
Nissan 5,59 km
Honda 2,61 km
NISSAN 11,68 km
NISSAN 12,75 km
Nissan 20,84 km
NISSAN 17,93 km
NISSAN 18,98 km
NISSAN 19,100 km
NISSAN 21,103 km
Nissan 10,127 km
NISSAN 23,134 km
NISSAN 22,183 km
NISSAN 15,193 km
18.02.2025,1404 km
NISSAN 23,12 km
Honda 1,26 km
NISSAN 11,77 km
NISSAN 12,85 km
NISSAN 19,89 km
Nissan 10,92 km
Honda 2,93 km
Nissan 20,96 km
NISSAN 17,97 km
NISSAN 16,100 km
NISSAN 14,117 km
NISSAN 18,117 km
NISSAN 22,123 km
NISSAN 21,129 km
NISSAN 15,152 km
14.02.2025,1408 km
Honda 1,32 km
NISSAN 11,72 km
NISSAN 12,85 km
Honda 2,86 km
Nissan 20,87 km
NISSAN 23,95 km
NISSAN 17,101 km
NISSAN 21,102 km
Nissan 10,112 km
NISSAN 22,119 km
NISSAN 14,123 km
NISSAN 18,127 km
NISSAN 16,134 km
NISSAN 15,134 km
07.02.2025,1414 km
Nissan 5,0 km
Honda 1,5 km
NISSAN 18,50 km
NISSAN 11,68 km
NISSAN 19,83 km
NISSAN 12,84 km
Nissan 20,88 km
Honda 2,89 km
NISSAN 17,95 km
NISSAN 23,95 km
Nissan 10,111 km
NISSAN 21,113 km
NISSAN 22,119 km
NISSAN 15,135 km
NISSAN 16,137 km
NISSAN 14,140 km
23.01.2025,1414 km
Honda 1,20 km
Nissan 10,28 km
Nissan 5,56 km
NISSAN 12,73 km
Honda 2,84 km
NISSAN 11,86 km
NISSAN 17,91 km
NISSAN 19,93 km
NISSAN 18,112 km
NISSAN 14,113 km
Nissan 20,129 km
NISSAN 21,130 km
NISSAN 23,132 km
NISSAN 15,134 km
NISSAN 22,134 km
04.03.2025,1416 km
HILUX 27,2 km
Honda 1,28 km
NISSAN 15,74 km
NISSAN 12,76 km
NISSAN 11,81 km
NISSAN 17,93 km
NISSAN 19,95 km
Nissan 20,97 km
NISSAN 23,101 km
NISSAN 18,107 km
NISSAN 16,118 km
Honda 2,119 km
NISSAN 14,130 km
NISSAN 22,140 km
Nissan 10,156 km
09.01.2025,1419 km
Honda 1,8 km
Nissan 10,10 km
NISSAN 16,71 km
Nissan 5,72 km
NISSAN 12,75 km
Honda 2,81 km
NISSAN 19,89 km
NISSAN 11,97 km
NISSAN 17,100 km
Nissan 20,101 km
NISSAN 18,110 km
NISSAN 22,116 km
NISSAN 15,119 km
NISSAN 21,122 km
NISSAN 14,124 km
NISSAN 23,127 km
27.01.2025,1436 km
NISSAN 14,2 km
Nissan 10,5 km
Honda 1,6 km
Honda 2,61 km
NISSAN 12,76 km
Nissan 5,86 km
NISSAN 17,86 km
NISSAN 11,88 km
NISSAN 21,93 km
NISSAN 18,96 km
NISSAN 19,107 km
NISSAN 23,111 km
Nissan 20,127 km
NISSAN 15,153 km
NISSAN 16,168 km
NISSAN 22,169 km
05.02.2025,1437 km
Honda 1,21 km
NISSAN 19,27 km
Nissan 10,37 km
NISSAN 14,61 km
Nissan 5,75 km
NISSAN 12,80 km
NISSAN 11,80 km
Honda 2,81 km
NISSAN 18,88 km
NISSAN 17,89 km
NISSAN 21,114 km
NISSAN 16,117 km
Nissan 20,120 km
NISSAN 15,133 km
NISSAN 22,157 km
NISSAN 23,157 km
19.02.2025,1442 km
Nissan 5,0 km
Honda 1,61 km
NISSAN 12,77 km
NISSAN 19,82 km
NISSAN 18,85 km
NISSAN 11,91 km
NISSAN 17,95 km
NISSAN 23,96 km
NISSAN 15,96 km
Honda 2,102 km
Nissan 10,111 km
NISSAN 22,130 km
Nissan 20,132 km
NISSAN 16,139 km
NISSAN 14,144 km
21.01.2025,1442 km
Nissan 5,3 km
NISSAN 15,17 km
Honda 1,25 km
NISSAN 12,69 km
NISSAN 11,74 km
Honda 2,80 km
Nissan 10,83 km
NISSAN 19,92 km
NISSAN 17,99 km
NISSAN 16,114 km
Nissan 20,121 km
NISSAN 18,121 km
NISSAN 23,123 km
NISSAN 21,126 km
NISSAN 14,139 km
NISSAN 22,156 km
24.02.2025,1449 km
NISSAN 23,19 km
Honda 1,69 km
NISSAN 12,78 km
NISSAN 19,97 km
NISSAN 18,98 km
NISSAN 11,103 km
NISSAN 15,110 km
Honda 2,111 km
Nissan 10,111 km
NISSAN 17,111 km
NISSAN 16,129 km
Nissan 20,133 km
NISSAN 14,139 km
NISSAN 22,143 km
20.01.2025,1456 km
Honda 1,31 km
Nissan 10,35 km
NISSAN 12,82 km
NISSAN 11,83 km
Honda 2,84 km
NISSAN 16,94 km
Nissan 20,97 km
NISSAN 23,100 km
NISSAN 19,101 km
NISSAN 21,103 km
NISSAN 15,103 km
NISSAN 18,109 km
NISSAN 17,118 km
NISSAN 14,148 km
NISSAN 22,169 km
28.01.2025,1468 km
Nissan 10,1 km
NISSAN 14,4 km
Nissan 5,57 km
NISSAN 12,71 km
NISSAN 17,80 km
Honda 2,83 km
Honda 1,87 km
NISSAN 11,91 km
Nissan 20,93 km
NISSAN 19,102 km
NISSAN 18,113 km
NISSAN 23,117 km
NISSAN 15,124 km
NISSAN 16,131 km
NISSAN 22,153 km
NISSAN 21,158 km
14.01.2025,1492 km
NISSAN 15,0 km
Honda 1,10 km
Honda 2,54 km
NISSAN 12,57 km
Nissan 5,69 km
NISSAN 11,75 km
NISSAN 19,83 km
NISSAN 17,100 km
NISSAN 16,102 km
NISSAN 18,120 km
NISSAN 14,129 km
Nissan 20,132 km
NISSAN 21,136 km
NISSAN 23,136 km
Nissan 10,144 km
NISSAN 22,144 km
16.01.2025,1493 km
Honda 1,12 km
Nissan 20,45 km
Nissan 5,57 km
Honda 2,65 km
Nissan 10,71 km
NISSAN 12,73 km
NISSAN 15,89 km
NISSAN 11,91 km
NISSAN 17,94 km
NISSAN 19,99 km
NISSAN 18,110 km
NISSAN 21,124 km
NISSAN 23,130 km
NISSAN 14,132 km
NISSAN 22,135 km
NISSAN 16,166 km
13.01.2025,1495 km
Honda 1,7 km
NISSAN 16,50 km
NISSAN 15,53 km
Honda 2,72 km
NISSAN 12,76 km
NISSAN 11,77 km
Nissan 5,82 km
NISSAN 17,94 km
NISSAN 18,104 km
NISSAN 19,105 km
NISSAN 23,115 km
Nissan 20,116 km
NISSAN 21,118 km
Nissan 10,127 km
NISSAN 14,148 km
NISSAN 22,151 km
06.02.2025,1497 km
NISSAN 18,16 km
Nissan 5,20 km
NISSAN 23,63 km
Honda 1,69 km
NISSAN 12,77 km
Nissan 20,79 km
NISSAN 17,83 km
NISSAN 11,87 km
NISSAN 19,100 km
Nissan 10,114 km
NISSAN 16,122 km
NISSAN 14,122 km
Honda 2,133 km
NISSAN 22,133 km
NISSAN 21,134 km
NISSAN 15,145 km
15.01.2025,1546 km
Honda 1,6 km
Nissan 10,50 km
NISSAN 15,63 km
Honda 2,72 km
NISSAN 19,74 km
NISSAN 11,77 km
NISSAN 18,95 km
NISSAN 17,95 km
Nissan 5,97 km
Nissan 20,102 km
NISSAN 21,105 km
NISSAN 14,132 km
NISSAN 23,132 km
NISSAN 22,136 km
NISSAN 12,146 km
NISSAN 16,164 km
10.01.2025,1636 km
Honda 1,3 km
NISSAN 16,56 km
NISSAN 12,72 km
NISSAN 17,82 km
Nissan 5,87 km
NISSAN 19,87 km
Nissan 20,89 km
Honda 2,91 km
NISSAN 14,102 km
NISSAN 21,107 km
NISSAN 11,112 km
NISSAN 18,128 km
NISSAN 22,136 km
NISSAN 15,150 km
Nissan 10,156 km
NISSAN 23,177 km
